{
    "train_loss": [
        10.902672243118285,
        4.058517935308251,
        3.8923242807388307,
        3.8604895409700033,
        3.7934368107769942,
        3.789331376391488,
        3.7766231569083963,
        3.696413154698707,
        3.6990031049058243,
        3.648913378489984,
        3.5666790760852196,
        3.5767069059449272,
        3.5213606947177167,
        3.453776212962898,
        3.446402310036324,
        3.3884483160199346,
        3.353740219489948,
        3.347427109769873,
        3.305509749940924,
        3.256570752569147,
        3.273328878428485,
        3.1962739557833286,
        3.1763122468381315,
        3.133941633959074,
        3.1575587849359255,
        3.1514952733710007,
        3.108173851709108,
        3.0956650442368274,
        3.0998887442253733,
        3.091775908663466,
        3.05972516730025,
        3.0468540924626426,
        3.0399145906035963,
        3.0202279625712216,
        3.01877775160042,
        3.015318181063678,
        2.9668012261390686,
        2.9998435854911802,
        2.962462892725661,
        2.9659881682009313,
        2.9309141313707507,
        2.9044961433152894,
        2.912550509620357,
        2.917396332122184,
        2.932876037584769,
        2.924513930565602,
        2.871973708835808,
        2.861379051530683,
        2.8951677857218563,
        2.86526724325644,
        2.8646041032430287,
        2.848563596042427,
        2.825155065510724,
        2.813392002195925,
        2.821613188530948,
        2.7917635518151362,
        2.781551532648705,
        2.781425893306732,
        2.7813781280775327,
        2.793451408759968,
        2.7226788549809844,
        2.7558892459482762,
        2.742000037431717,
        2.7164796956487605,
        2.728069878913261,
        2.7097938911334887,
        2.7191298326930484,
        2.703809362488824,
        2.680573915951961,
        2.689357762078981,
        2.6672027177101856,
        2.6623332506901507,
        2.612455138644657,
        2.6228368762377148,
        2.6435817897319795
    ],
    "val_loss": [
        3.4464281721442354,
        3.4133894870094226,
        3.415869877618902,
        3.4301127931650948,
        3.386706514685762,
        3.360706206630258,
        3.321265606319203,
        3.338553941717335,
        3.2592563483060575,
        3.278710161938387,
        3.187818892154039,
        3.2123627849653658,
        3.1309439236042547,
        3.0947067389885583,
        2.9875919824721766,
        2.9855918621315674,
        2.905250135005689,
        2.8408568857931624,
        2.7832654884048535,
        2.7651098826352287,
        2.7560705998364616,
        2.777233088717741,
        2.837679290303997,
        2.9120293785544002,
        2.902569042701347,
        2.9865718226806792,
        3.0701147014019536,
        3.1131594566737903,
        3.121704878760319,
        3.1211143194460402,
        3.143654145446478,
        3.141892547700919,
        3.244140130632064,
        3.1352595324609793,
        3.1609659989674888,
        3.081127318681455,
        3.1788063201249814,
        3.1727334892048553,
        3.1646032754112694,
        3.1758078079597625,
        3.237375345884585,
        3.001017349607804,
        3.128942618183061,
        3.114083867447049,
        3.0853624390620813,
        3.18497357415218,
        3.0190916189960406,
        3.198996483110914,
        3.0936241056404863,
        3.184556048290402,
        3.071414349125881,
        3.1105583765927483,
        3.1282675079270903,
        3.0745554578070546,
        3.07151100916021,
        2.962409531368929,
        3.02212720525031,
        3.10203023517833,
        3.2510445550376295,
        3.1096931625815,
        3.060013728983262,
        3.1148613247216916,
        3.1744062175937726,
        3.0672823412745607,
        3.125637904101727,
        3.1552716867596495,
        3.198654471659193,
        3.105514298467075,
        3.0394876342193755,
        3.0234578719326093,
        3.10558185857885,
        3.013445725627974,
        3.116088133232266,
        3.1248691783231846,
        3.087999612677331
    ],
    "best_epoch": 21
}