{
    "train_loss": [
        10.904313011749371,
        4.058902576807383,
        3.8941165999786276,
        3.862284473148552,
        3.7954035085600775,
        3.7918676063821124,
        3.778837720767872,
        3.700369478077502,
        3.7031497612192825,
        3.65408760470313,
        3.5720559121789157,
        3.584992685189118,
        3.53088085264773,
        3.4651825630987014,
        3.4600450879818685,
        3.40397663954142,
        3.3712089429030545,
        3.3683479711816116,
        3.328662799177943,
        3.279058514414607,
        3.2961967632577225,
        3.2174177015149916,
        3.19859944871954,
        3.151930010318756,
        3.1719586378819233,
        3.1655716515876153,
        3.1180770551836168,
        3.1042468306180595,
        3.110044467127001,
        3.0997829839989945,
        3.070064569486154,
        3.056978287890151,
        3.049239359997414,
        3.030332219922865,
        3.0287445812611966,
        3.0284032512355497,
        2.9753952351776327,
        3.010637263671772,
        2.9753237933725925,
        2.9754727099392864,
        2.9421960734032298,
        2.914702666450191,
        2.9231568919645774,
        2.925590387228373,
        2.9465966089351756,
        2.941879029853924,
        2.88414713305396,
        2.875075804542851,
        2.9072509888056164,
        2.8798003093616384,
        2.8836317858180482,
        2.8633416388485884,
        2.837687697926083,
        2.830558202395568,
        2.8386266333025856,
        2.8017791332425297,
        2.7948725536062913,
        2.797281054548315,
        2.8004099394824054,
        2.8113009929656982,
        2.7472867092570743,
        2.771269791835063,
        2.757454727469264,
        2.7359167464681575,
        2.7487755556364317,
        2.731294229546109,
        2.7463353219869973,
        2.730147044400911,
        2.700799169089343,
        2.7159769686492714,
        2.6929804943703317,
        2.6842060994457553,
        2.649393160278733,
        2.6522988975048065,
        2.6683752712365743,
        2.6174646215664374
    ],
    "val_loss": [
        3.448038230339686,
        3.4160021204574433,
        3.4162174661954245,
        3.431392414897096,
        3.388161399200851,
        3.3624014164887224,
        3.3273280671998564,
        3.3454721324584065,
        3.2679857664248524,
        3.2906025157255283,
        3.198985089858373,
        3.2291006054364,
        3.1540470433001424,
        3.126776909126955,
        3.020846334742565,
        3.029438170732236,
        2.95177038861256,
        2.8892531260555865,
        2.8110767637982086,
        2.780828989019581,
        2.7629259748786104,
        2.7452114481551972,
        2.7640022997762643,
        2.8087217176661774,
        2.814633624226439,
        2.891036211275587,
        2.991932015792996,
        3.0391476575066063,
        3.0561097509720745,
        3.084767266815784,
        3.1071347769568947,
        3.1134984785435247,
        3.2172541957275542,
        3.125260170768289,
        3.1720755193747725,
        3.0817504595307743,
        3.189047529416926,
        3.2088198042383382,
        3.1536831563594294,
        3.1747566181070663,
        3.2197673998627008,
        3.032856196749444,
        3.1497354028271696,
        3.160153779329038,
        3.1225971544490143,
        3.2080062043433095,
        3.0628477358350565,
        3.222255092041165,
        3.127700096251918,
        3.214540252498552,
        3.121658597506729,
        3.1607775127186493,
        3.1609526755763033,
        3.1220213572184243,
        3.1341149292740167,
        3.004276176293691,
        3.0822711738885618,
        3.134695249445298,
        3.3285826888738894,
        3.1650751525280523,
        3.1158378007365206,
        3.1821691335416307,
        3.2009810910505405,
        3.164903430377736,
        3.171641021382575,
        3.2333029812457514,
        3.2613617883009067,
        3.1759913575415517,
        3.149251738015343,
        3.1331235006743787,
        3.1843429803848267,
        3.0836029683842376,
        3.1863571872898175,
        3.1692265856499766,
        3.1690665378290066,
        3.0771678931572857
    ],
    "best_epoch": 22
}