{
    "train_loss": [
        10.670583598888838,
        4.090162858039468,
        3.9425103130576375,
        3.9150833929633047,
        3.8721632191113065,
        3.8304960148020104,
        3.795654383661983,
        3.7123115291962256,
        3.689623339163078,
        3.6606068313121796,
        3.6222540470925004,
        3.617239218000527,
        3.5497544018121867,
        3.534111661570413,
        3.4494179614952634,
        3.45076822415813,
        3.3981812740420247,
        3.3433884984844333,
        3.309118687779039,
        3.2205624275810116,
        3.2295620441436768,
        3.1817585061212164,
        3.170367888041905,
        3.1598143250077637,
        3.1373894411128957,
        3.104155047909244,
        3.111999736709909,
        3.0658135299499216,
        3.0498200239060997,
        3.068039644222993,
        3.0487566059762305,
        3.0065134858692084,
        3.0134631405164907,
        2.9597784673774634,
        2.9895398980313606,
        2.939542552272042,
        2.9332664812004174,
        2.9378897501872134,
        2.9234104339893046,
        2.9305985121281592,
        2.879328273973622,
        2.872296934108158,
        2.877528346174366,
        2.853722489797152,
        2.8395528821172293,
        2.8773933203665765,
        2.8091346282552885,
        2.820589696312999,
        2.800553784265623,
        2.7858179932112224,
        2.8037358961262546,
        2.762838804623583,
        2.7686139944490495,
        2.756811798437611,
        2.74728860943527,
        2.7335122329193156,
        2.726317060517741,
        2.7283933477087334,
        2.7344361944840503,
        2.7395047828718857,
        2.6908515071148402,
        2.6961485697672916,
        2.6978299750404044,
        2.6999695104557078,
        2.685340559580824,
        2.651120139347328,
        2.651384391954967,
        2.6451551596541982,
        2.6361929043963714,
        2.6147781138891704,
        2.6480020779174764,
        2.610119503932995,
        2.612065607374841,
        2.6196511563036466,
        2.5752931197920996,
        2.588671523791093,
        2.574490256689407,
        2.591183210794742,
        2.5535367347381928,
        2.5437665519478556,
        2.5537063607147763,
        2.546720270927136,
        2.5156032195785545
    ],
    "val_loss": [
        3.626023464343127,
        3.56049253543218,
        3.6292170408894036,
        3.512362743125242,
        3.519580654069489,
        3.5536969870913264,
        3.513870821279638,
        3.3593313115484573,
        3.3585954881181905,
        3.3130656480789185,
        3.2497018160773257,
        3.2433416218149898,
        3.249587383340387,
        3.189676376534443,
        3.068379416185267,
        2.9861825073466584,
        2.852173948989195,
        2.757019908989177,
        2.6945187998752966,
        2.6934814733617447,
        2.6916337001557444,
        2.788219111807206,
        2.775735200620165,
        2.808332971498078,
        2.9118975821663353,
        2.963751132581748,
        2.9365637781573275,
        3.0168553988138833,
        3.0892768864538156,
        3.0214628962909473,
        2.885607354781207,
        3.0150391658147178,
        3.026662763427286,
        3.123570318315543,
        2.9758916018055936,
        2.953245640969744,
        2.983810667898141,
        2.898368568981395,
        3.0271112077376423,
        2.9673912793982264,
        2.949943967894012,
        3.02325048049291,
        2.8902368790963116,
        3.0212745315888347,
        2.994737515262529,
        2.882909426502153,
        2.9081382552782693,
        2.890876217215669,
        2.9222419074937407,
        2.9325066454270305,
        2.8617672417678084,
        2.8935220031177296,
        2.9079827829903246,
        2.8992402051009383,
        2.894142811204873,
        2.8814876932723847,
        2.9865673266205133,
        2.870403105137395,
        2.905433549600489,
        2.817926256095662,
        2.982400426677629,
        2.883608141366173,
        2.963173613828771,
        2.910801284453448,
        2.9399065620758953,
        2.910670115667231,
        3.0295263622321333,
        2.9981558264470567,
        2.956301278927747,
        2.9609470250559786,
        2.948422724125432,
        2.984568661334468,
        3.111804688678068,
        3.0460353528752044,
        3.1596015796941868,
        2.9908136106004903,
        3.0666715911790434,
        3.067997518707724,
        2.9745310077480243,
        2.9838989388708974,
        2.9935576892366598,
        3.073335275930517,
        2.931308814123565
    ],
    "best_epoch": 21
}