{
    "train_loss": [
        10.902528566444243,
        4.058589468775569,
        3.8932332307905764,
        3.8614223918399295,
        3.7938218248857036,
        3.789964578119484,
        3.7768510061341365,
        3.6978339270965472,
        3.700311374342119,
        3.6509254648878766,
        3.5685664028734774,
        3.5798606324840234,
        3.5251587869347754,
        3.4579092267397287,
        3.4520559845743954,
        3.393445215998469,
        3.3586489190926425,
        3.3533845527752026,
        3.3122717870248333,
        3.2627435271804397,
        3.280840217744982,
        3.2033707180538693,
        3.183919504526499,
        3.139637442215069,
        3.161341975186322,
        3.1560107041049648,
        3.1100913382865287,
        3.0975532418972738,
        3.1033071015332196,
        3.092109241678908,
        3.0611425306345965,
        3.0485880724481635,
        3.0417156931516285,
        3.0220760248802803,
        3.0223118827149675,
        3.0192107529253573,
        2.969093286024558,
        3.001843150564142,
        2.9645436570451067,
        2.963190469548509,
        2.9294675978454383,
        2.9030227603139105,
        2.9092832178682895,
        2.917065616556116,
        2.9336843377835042,
        2.92650752293097,
        2.871299898302233,
        2.8592256829545306,
        2.8926647270047985,
        2.862319648910213,
        2.867919939917487,
        2.8477615778510637,
        2.8205270261377904,
        2.8154866830722707,
        2.8205589225163332,
        2.786094407133154,
        2.782169687425768,
        2.779621556803987,
        2.782313041429262,
        2.7931488852243165,
        2.724694340615659,
        2.7485769500603547,
        2.744231681404887,
        2.7164494237384282,
        2.726402708002039,
        2.7073938748321016,
        2.7196697631397764,
        2.709026169132542,
        2.67607990052249,
        2.6900387879964467,
        2.66670796548998,
        2.6607468569600905,
        2.613146987154677,
        2.6283266380026533,
        2.6420200618537697,
        2.5886042213923224,
        2.609162652492523
    ],
    "val_loss": [
        3.446979198970047,
        3.4149260848176244,
        3.416319674720951,
        3.4317808928442934,
        3.3879902222577263,
        3.358994564589332,
        3.3244913126908098,
        3.3423255635242834,
        3.2649634167844175,
        3.2873558881236056,
        3.195062528346099,
        3.2206666779284383,
        3.1353543248831057,
        3.102944413236543,
        2.9958605181937124,
        2.995060657169305,
        2.915647145872023,
        2.851753463347753,
        2.7882328945047714,
        2.7672331695463144,
        2.755012137632744,
        2.7637677438118877,
        2.8087201071720496,
        2.8668623216011944,
        2.8601553381658067,
        2.9338947721556123,
        3.0246794702959994,
        3.0779555019210365,
        3.0800745463838766,
        3.090232760298486,
        3.1085440633343717,
        3.110701396184809,
        3.219877636900135,
        3.124883548886168,
        3.1528493937324074,
        3.0576885611403224,
        3.165223029314303,
        3.178328179845623,
        3.1385944322043775,
        3.1475607390497244,
        3.2315392727945365,
        2.9949566172618494,
        3.1087662659439386,
        3.1013603935054705,
        3.079788562129526,
        3.181473820817237,
        3.0162518971106587,
        3.1872457908649072,
        3.0758699634495903,
        3.1675614667873755,
        3.0570361146739886,
        3.094078095520244,
        3.1097216699637618,
        3.056568728942497,
        3.1154932555030372,
        2.9544728129517797,
        3.0412968782817615,
        3.0811283272855423,
        3.2705311214222625,
        3.0987034895840813,
        3.043137167014328,
        3.122787354039211,
        3.1492967640652374,
        3.0407467893525664,
        3.1196691931462754,
        3.172074448828604,
        3.176435912356657,
        3.1261790441531763,
        3.071157342078639,
        3.034200392517389,
        3.12180822503333,
        3.0305699635954464,
        3.1266251323269865,
        3.1478670169325436,
        3.116640793342216,
        3.0089193418914197,
        3.1351156351613065
    ],
    "best_epoch": 21
}