{
    "train_loss": [
        10.902527780146212,
        4.05838268769754,
        3.8908061029137793,
        3.859189537570283,
        3.7916271122726233,
        3.7877779768930897,
        3.774495122883771,
        3.694644156823287,
        3.696566930332699,
        3.6461311272672705,
        3.5634840449771366,
        3.5738319052232277,
        3.5186591303026353,
        3.450784073649226,
        3.4451416631002685,
        3.3866169462332856,
        3.352569502108806,
        3.3472494573206517,
        3.307279440518972,
        3.257545774047439,
        3.273853306834762,
        3.1956654819282324,
        3.1754174097164256,
        3.1315608282346985,
        3.1512993909217215,
        3.1466503629813323,
        3.0981123966139714,
        3.0848178760425466,
        3.091835548748841,
        3.0790609868797096,
        3.0481881112665743,
        3.0342565169205535,
        3.025540960479427,
        3.0055987967027202,
        3.0089919509114447,
        3.006493259120632,
        2.955740934127086,
        2.988210203518739,
        2.955006375828305,
        2.9496867756585816,
        2.920138842672915,
        2.893883281785089,
        2.8991273966995443,
        2.906842650916125,
        2.925821717687555,
        2.9164700208483514,
        2.859662175822902,
        2.8509661200884224,
        2.8843205538955896,
        2.856669327052864,
        2.8592409852388743,
        2.837328905994828,
        2.812996402624491,
        2.8061630181364112,
        2.8139058686591483,
        2.77506741414199,
        2.771394083789877,
        2.7703428352201307,
        2.7764880317288476,
        2.7875349711727453,
        2.7223515085271885,
        2.742375133649723,
        2.7311830623729807,
        2.7034834555677465,
        2.723322498476183,
        2.699856617966214,
        2.708745213940337,
        2.699237189099595,
        2.6727383452492792,
        2.6849110864304206,
        2.6528640508651735,
        2.6569219718108306,
        2.6087053416548547,
        2.619054043292999,
        2.6369497002782047,
        2.584586551704922
    ],
    "val_loss": [
        3.4469811998161615,
        3.41503553647621,
        3.418050652625514,
        3.434475614159715,
        3.3882821599642434,
        3.3613611477262832,
        3.3264988771840636,
        3.3414132688559737,
        3.2624280435197495,
        3.2836771958014546,
        3.1895853319004472,
        3.2155687470062104,
        3.1320110506871166,
        3.0988208078870585,
        2.9915591709169687,
        2.9942119510150422,
        2.914354509290527,
        2.8483213735561743,
        2.78379937246734,
        2.7612403975982294,
        2.748542156873965,
        2.757387202160031,
        2.8036112364600685,
        2.8614769905221227,
        2.8602582718811784,
        2.93172592976514,
        3.0268200238545737,
        3.0869024080388687,
        3.080131299355451,
        3.082359054509331,
        3.0913680452926484,
        3.097234394036087,
        3.200094026677749,
        3.100937481020011,
        3.130481370523864,
        3.045912693528568,
        3.1629158959669224,
        3.162755767504374,
        3.1235871770802666,
        3.1416111132677864,
        3.2093110785764805,
        2.976053560481352,
        3.1110068711580015,
        3.117092404879776,
        3.0674778082791496,
        3.162938240696402,
        3.026443130829755,
        3.218048228937037,
        3.0954200753978656,
        3.1829654971758523,
        3.065155071370742,
        3.1367323842703128,
        3.1291369223127177,
        3.0926161139619115,
        3.099891470927818,
        2.9608182135750267,
        3.0699776224061552,
        3.086991637360816,
        3.276363919763004,
        3.137298111822091,
        3.04865085143669,
        3.1469134513069603,
        3.215024052881727,
        3.0772381378155127,
        3.119418407187742,
        3.192262048814811,
        3.20849595116634,
        3.1179256754762985,
        3.0249923350764254,
        3.0965060346266804,
        3.1216783406687716,
        3.0183928667330275,
        3.157042686845742,
        3.1175306100471345,
        3.1137271605285943,
        3.0171839396158853
    ],
    "best_epoch": 21
}