run,cindex,pearson,spearman,mse,mae,rmse
DGM_davis1D_nomsaF_binaryE_128B_0.00012LR_0.24D_2000E_originalLF_binaryLE,0.7926737759530436,0.60451492165075,0.5367714144783929,0.6541247381511348,0.4623859737542357,0.8087797834708376
DGM_davis2D_nomsaF_binaryE_128B_0.00012LR_0.24D_2000E_originalLF_binaryLE,0.6802334756018732,0.4122965513634545,0.3365557862472744,0.9166151092410354,0.5022958078397446,0.9574001823903292
DGM_davis0D_nomsaF_binaryE_128B_0.00012LR_0.24D_2000E_originalLF_binaryLE,0.7482530045928646,0.5197366766877236,0.4542040532006625,0.8050527081134624,0.4461380075332078,0.897247294848785
DGM_davis4D_nomsaF_binaryE_128B_0.00012LR_0.24D_2000E_originalLF_binaryLE,0.7500256488232135,0.4202540848988467,0.463987592348891,0.915000329003,0.5261902546589091,0.9565564954580572
DGM_davis3D_nomsaF_binaryE_128B_0.00012LR_0.24D_2000E_originalLF_binaryLE,0.8124008264671932,0.6416851004316045,0.5726087345262351,0.6139882867658651,0.41814691178938923,0.7835740467663954
