run,cindex,pearson,spearman,mse,mae,rmse
DGM_davis1D_nomsaF_binaryE_128B_0.00012LR_0.24D_2000E_originalLF_binaryLE,0.8163523994132658,0.7137851124164986,0.5878867118585559,0.4173222599402789,0.35940127305806,0.6460048451368449
DGM_davis2D_nomsaF_binaryE_128B_0.00012LR_0.24D_2000E_originalLF_binaryLE,0.8343753726176008,0.7720660560854502,0.618611791650495,0.3283613673160558,0.3143092008198009,0.5730282430352416
DGM_davis0D_nomsaF_binaryE_128B_0.00012LR_0.24D_2000E_originalLF_binaryLE,0.8345962630012087,0.7841559792978283,0.6289360094161347,0.3611685706886787,0.3225311759640188,0.6009730199340722
DGM_davis4D_nomsaF_binaryE_128B_0.00012LR_0.24D_2000E_originalLF_binaryLE,0.8557152702768875,0.7904879365029139,0.6656571912339156,0.3427956306740941,0.3299113169392162,0.585487515387044
DGM_davis3D_nomsaF_binaryE_128B_0.00012LR_0.24D_2000E_originalLF_binaryLE,0.8349019526166668,0.7875041565317034,0.6443896656067043,0.3662570748291923,0.32390817027678465,0.605191766987285
