run_num,c_index,pearson_corr,pearson_p,mse,mae,rmse
1,0.6863432017978891,0.5247107314068344,5.639624034007338e-213,17.777911144959145,3.3957375270843064,4.216386028930362
2,0.6892860858440918,0.5350716120794787,5.669399592550603e-223,17.4865200982468,3.3692667825414784,4.18168866586775
