run_num,c_index,pearson_corr,pearson_p,mse,mae,rmse
1,0.686343128583013,0.5247107314068339,5.639624034037982e-213,17.777911144959255,3.3957375270843166,4.216386028930375
2,0.6892862440732674,0.535071612079478,5.669399592583096e-223,17.486520098246906,3.369266782541491,4.181688665867762
