run_num,c_index,pearson_corr,pearson_p,mse,mae,rmse
1,0.686343128583013,0.5247107314068339,5.639624034037982e-213,17.777911144959255,3.3957375270843166,4.216386028930375
2,0.6892862440732674,0.535071612079478,5.6693995925830954e-223,17.486520098246906,3.369266782541491,4.181688665867762
3,0.6582406471183013,0.5010948526661309,0.0004546671112799,16.595172204638377,3.3238094435738934,4.073717246525386
4,0.6552072800808898,0.4984059700064704,0.000493350501692,16.67176046160466,3.3483745802782625,4.083106716901318
5,0.6552072800808898,0.49840597000647047,0.0004933505016920827,16.67176046160466,3.3483745802782625,4.083106716901318
