run,cindex,pearson,spearman,mse,mae,rmse
pre-trained_davis_kd_ki,0.432442173167348,-0.2002812568560621,-0.2039836753572346,100.81093104100724,8.943474870423348,10.040464682523774
pre-trained_kiba_kd_ki,0.5682688037992576,0.2408579529630664,0.2044254056049064,26.764815308084923,4.1903696590490895,5.173472268030913
pretrained_kiba_test,0.56473893371168,0.2294338339648438,0.1911073231363186,18.11074037485017,3.3443806211227773,4.255671553920741
pretrained_davis_test,0.4445126786147051,-0.1637180030740241,-0.1666834174753316,79.03167591713739,7.917164258469072,8.889976148288442
trained_davis_test,0.5715976442740943,0.1721695851410613,0.207935494866997,17.73330988739225,3.3075825589343784,4.211093668798196
trained_kiba_test,0.5748270028493648,0.20328811287220414,0.2197639767447316,16.3425506850841,3.2055508664538235,4.042592075028607
