run,cindex,pearson,spearman,mse,mae,rmse
pretrained_davis_kd_ki,0.432442173167348,-0.2002812568560621,-0.2039836753572346,100.81093104100724,8.943474870423348,10.040464682523774
pretrained_kiba_kd_ki,0.5682688037992576,0.2408579529630664,0.2044254056049064,26.764815308084923,4.1903696590490895,5.173472268030913
pretrained_kiba_test,0.5647377572604686,0.2294338384323281,0.1911042578665582,18.11074035945969,3.344380615956611,4.255671552112509
pretrained_davis_test,0.44451267861470517,-0.1637180106699073,-0.16668341747533164,79.03167597176154,7.917164260535538,8.889976151360674
trained_davis_test,0.5983207335408594,0.3225001760189512,0.2967724045626004,14.130286522549842,3.018421189174328,3.759027337297488
trained_kiba_test,0.58106101781853,0.2125107559379448,0.2427804430846454,15.638647043056064,3.1417119168105936,3.954572928023463
