run,cindex,pearson,spearman,mse,mae,rmse
pre-trained_davis_kd_ki,0.432442173167348,-0.2002812568560621,-0.2039836753572346,100.81093104100724,8.943474870423348,10.040464682523774
pre-trained_kiba_kd_ki,0.568268756730276,0.24085792770916192,0.2044253741381423,26.764815944495357,4.190369707838844,5.173472329538002
