run,cindex,pearson,spearman,mse,mae,rmse
10_vina_common,0.6596831527445903,0.4683088851634209,0.4688651912441516,86.51037820441864,8.785897643219991,9.301095537861045