run,cindex,pearson,spearman,mse,mae,rmse
DGM_PDBbindD_nomsaF_anmE_64B_0.0001LR_0.4D_2000E,0.7106956342618959,0.5555801732471539,0.5905565318191106,2.661352946939764,1.244799167723269,1.6313653627988318
DGM_PDBbind-overlapD_nomsaF_binaryE_64B_0.0001LR_0.4D_2000E,0.7789542889839597,0.72593414015463,0.7417326958172686,1.7279624866105234,0.9502623368423264,1.3145198692338291
DGM_davis-overlapD_nomsaF_binaryE_64B_0.0001LR_0.4D_2000E,0.8919995398551038,0.8391330911590021,0.7139318872008882,0.2486212802552702,0.26674594996496415,0.4986193741274703
