run,cindex,pearson,spearman,mse,mae,rmse
randomW_50E_shannon,0.7556195383711674,0.7162075803830003,0.7007055655230121,1.7731176560091488,1.0403239769516508,1.3315846409482008
randomW_50E_shannonExtra,0.7654768474768475,0.7316102820634764,0.725559732490066,2.106275918507121,1.1606139028885647,1.4513014567990763
randomW_32B_100E_shannonExtra,0.8038181962509781,0.796756450381516,0.796234558519941,1.2922708335430062,0.868901199846086,1.1367809083297478
randomW_32B_50E_shannonExtra,0.7589414031817023,0.7093616765388867,0.7084372087515324,1.9946416896462942,1.114266672087507,1.4123178429965026
randomW_32B_0.4D_200E_cmap10_shannonExtra,0.7879483643226352,0.764018888569294,0.7587956249924334,1.5397882000394667,0.9700196335926771,1.2408820250287562
