run,cindex,pearson,spearman,mse,mae,rmse
DGM_davis4D_nomsaF_binaryE_64B_0.0001LR_0.4D_2000E,0.8283315494528303,0.7069918172461128,0.6043805206997321,0.4413566391511215,0.3769707157421256,0.6643467762781133
DGM_davis0D_nomsaF_binaryE_64B_0.0001LR_0.4D_2000E,0.8124934102025569,0.6909827817401493,0.5899715229081308,0.4697099884212956,0.3777247017505122,0.6853539147194649
DGM_davis3D_nomsaF_binaryE_64B_0.0001LR_0.4D_2000E,0.8195586154273969,0.717774769130841,0.5720718176514452,0.3657891513377326,0.3382081135692242,0.6048050523414406
DGM_davis2D_nomsaF_binaryE_64B_0.0001LR_0.4D_2000E,0.8233405467261639,0.7040322378359025,0.5687852322102779,0.3543421502907676,0.3433588875976263,0.5952664531877868
DGM_davis1D_nomsaF_binaryE_64B_0.0001LR_0.4D_2000E,0.82715800662027,0.7083018179748569,0.6132060396459778,0.4895027135441312,0.3843769813986386,0.699644705221251
