run,cindex,pearson,spearman,mse,mae,rmse
randomW_50E_shannon,0.7556195383711674,0.7162075803830003,0.7007055655230121,1.7731176560091488,1.0403239769516508,1.3315846409482008
randomW_50E_shannonExtra,0.7685590625590626,0.7344799578894324,0.7311641469253343,1.6640239384199154,1.0098482374040056,1.2899705184305241
