run,cindex,pearson,spearman,mse,mae,rmse
randomW_50E_shannon,0.7556195383711674,0.7162075803830003,0.7007055655230121,1.7731176560091488,1.0403239769516508,1.3315846409482008
randomW_50E_shannonExtra,0.7654768474768475,0.7316102820634764,0.725559732490066,2.106275918507121,1.1606139028885647,1.4513014567990763
randomW_32B_100E_shannonExtra,0.8038181962509781,0.796756450381516,0.796234558519941,1.2922708335430062,0.868901199846086,1.1367809083297478
randomW_32B_50E_shannonExtra,0.7589414031817023,0.7093616765388867,0.7084372087515324,1.9946416896462944,1.114266672087507,1.4123178429965026
randomW_32B_0.4D_200E_cmap10_shannonExtra,0.7879483643226352,0.764018888569294,0.7587956249924334,1.5397882000394667,0.9700196335926772,1.2408820250287562
randomW_32B_0.0001LR_0.4D_200E_shannonExtra,0.8110358638927508,0.8147495623820836,0.8120135967173712,1.2293168824138634,0.8388265102423988,1.1087456346763505
randomW_32B_0.0001LR_0.4D_2000E_shannonExtra,0.8599936798384579,0.8730226024305917,0.8644060549976933,0.8487880759677743,0.5440505880040484,0.9212969531957512
randomW_davis_32B_0.001LR_0.2D_200E_msaF_DGraphDTA,0.6926546902013894,0.8071724304665344,0.6692742609311622,0.2879304653211079,0.3123764099777441,0.5365915255770519
randomW_davis_32B_0.001LR_0.2D_200E_msaF_DGraphDTAImproved,0.687050472540507,0.7762603116759149,0.6542784365929963,0.3283627481993111,0.34526002832395547,0.5730294479337961
