run_num,c_index,pearson_corr,pearson_p,mse,mae,rmse
1,0.6863432798646112,0.5247107314068339,5.639624034037982e-213,17.77791114495925,3.395737527084317,4.216386028930375
2,0.6892863960035778,0.535071612079478,5.669399592583096e-223,17.486520098246906,3.369266782541491,4.181688665867762
3,0.6582406471183013,0.5010948526661309,0.0004546671112799,16.595172204638377,3.3238094435738934,4.073717246525386
4,0.6552072800808898,0.4984059700064704,0.000493350501692,16.67176046160466,3.3483745802782625,4.083106716901318
5,0.6552072800808898,0.4984059700064704,0.000493350501692,16.67176046160466,3.3483745802782625,4.083106716901318
6,0.6365957446808511,0.4455401322441959,0.0013360450709164419,17.971329244414893,3.5003595509190486,4.239260459610248
