run_num,c_index,pearson_corr,pearson_p,mse,mae,rmse
1,0.6624187673742251,0.4755706513360012,8.553300481149439e-103,18.06967412579073,3.405635433199109,4.250843931008374
2,0.6648848752113959,0.4841752352555346,5.1532376991435913e-107,17.767036531168294,3.38046261660972,4.215096265943198
3,0.8777777777777778,0.8102875805341206,0.0044761771428878,5.465369281983126,1.8591148741555128,2.3378129270716093
4,0.8777777777777778,0.8102875805341206,0.0044761771428878,5.465369281983126,1.8591148741555132,2.3378129270716093
5,0.8777777777777778,0.8102875805341206,0.004476177142887852,5.465369281983126,1.8591148741555135,2.3378129270716093
